identity,split
id0,test
id1,train
id2,train
id3,train
id4,test
id5,train
id6,test
id7,train
id8,val
id9,train
id10,train
id11,test
id12,val
id13,test
id16,test
id17,train
id19,val
id20,train
id21,train
id22,val
id23,test
id24,train
id25,train
id26,train
id27,test
id28,train
id29,train
id30,train
id31,train
id32,train
id33,train
id34,val
id35,train
id36,train
id37,train
id38,train
id39,train
id40,train
id41,train
id42,val
id43,train
id44,val
id45,train
id46,train
id47,train
id48,train
id49,train
id50,train
id51,train
id52,val
id53,train
id54,test
id55,train
id56,val
id57,train
id58,train
id59,train
id60,train
id61,train
